case_num,param_0,param_1,R1_rxn1,R1_rxn2,R1_rxn3,R1_rxn4,R1_rxn5,R1_rxn6,R1_rxn7,R1_rxn8,R1_rxn9,R1_rxn10,R1_rxn11,R1_rxn12,R1_rxn13,R1_rxn14,R1_rxn15,R1_rxn16,R1_rxn17,R1_rxn18,R1_rxn19,R1_rxn20,R1_rxn21,R1_rxn22,R1_rxn23,R1_rxn24,R1_rxn25,R1_rxn26,R1_rxn27,R1_rxn28,R1_rxn29,R1_rxn30,R1_rxn31,R1_rxn32,R1_rxn33,R1_rxn34,R1_rxn35,R1_rxn36,R1_rxn37,R1_rxn38,R1_rxn39,R1_rxn40,R1_rxn41,R1_rxn42,R1_rxn43,R1_rxn44,R1_rxn45,R1_rxn46,R1_rxn47,R1_rxn48,R1_rxn49,R1_rxn50,R1_rxn51,R1_rxn52,R1_rxn53,R1_rxn54,R1_rxn55,C6,C7,C8,C9,C10,C11,C12,C13,C14,C15,C16,C17,C18,C19,C20,C21,C22,C23,C24,C25,state
103,0.101471543,0.663501769,1,1,1,1,1,1,0.81518701,0.271423754,0.104418866,0.443796977,0.461310321,0.235026688,0.804466024,0.764973312,1,1,0.10576201,0.318690128,0.32415738,0.146530603,0.433222427,0.906549539,0.235026688,1,0.829444655,0.764973312,0.132700354,0.07103008,0.92896992,0.101471543,0.898528457,0.040588617,0.069508007,0.255728288,0.079312017,0.03551504,0.134646631,0,0.336498231,0,0,0.898528457,0.17251046,0.462534264,0.764973312,1,0.41839537,0.764973312,0.218984887,0.16782172,0.265400708,0.757512444,0.235026688,0.898528457,0.898528457,0.007936643,0.057477576,0.08996768,0.083273809,0.108607098,0.13748124,0.106351959,0.073633117,0.056112837,0.057314387,0.039833233,0.046425305,0.022437616,0.028681688,0.015674828,0.012614541,0.006891812,0.003889841,0.004465382,0.040929409,Warning
104,0.005061584,0.160808051,1,1,1,1,1,1,0.415096428,0.216333884,0.210810304,0.484425353,0.801490536,0.834130365,0.967258363,0.165869635,1,1,0.375358664,0.259811957,0.272855812,0.190947281,0.08546561,0.821917363,0.834130365,1,0.972335684,0.165869635,0.03216161,0.003543109,0.996456891,0.005061584,0.994938416,0.002024634,0.003467185,0.139695854,0.086196908,0.001771554,0.013101986,0,0.839191949,0,0,0.994938416,0.041810093,0.500685369,0.165869635,1,0.097497148,0.165869635,0.422126766,0.021142389,0.064323221,0.494460197,0.834130365,0.994938416,0.994938416,0.036661991,0.076729217,0.124142686,0.107661623,0.127671543,0.127058925,0.108415893,0.081731433,0.052393039,0.05043833,0.024457714,0.024659541,0.019295215,0.01540471,0.003291225,0.002717651,0.000462992,0.000208331,0.000172378,0.016425561,Warning
105,0.442302892,0.557697108,1,1,1,1,1,1,0.911539422,0.277884855,0.199036302,0.488460578,0.388460578,0,0.567887351,1,1,1,0,0.432690868,0.223078843,0.083654566,0.721151446,0.960961202,0,1,0.606733409,1,0.111539422,0.309612025,0.690387975,0.442302892,0.557697108,0.176921157,0.302977481,0.195193988,0.243266591,0.154806012,0.470187748,0,0.442302892,0,0,0.557697108,0.145001248,0.290002496,1,1,0.423078843,1,0.442302892,0.498072603,0.223078843,0.557697108,0,0.557697108,0.557697108,0.007473393,0.044701338,0.05867963,0.062654506,0.083531081,0.097518953,0.064291992,0.048919107,0.045709784,0.064369937,0.060199832,0.065385027,0.029304507,0.040735407,0.02691849,0.025134854,0.020606237,0.015279001,0.01497579,0.123611134,Warning
106,0.65196126,0.224269309,1,1,1,1,1,1,0.782969146,0.255024994,0.324324925,0.542769195,0.504653911,0.123769431,0.47066058,0.876230569,1,1,0.055696244,0.489399906,0.120650082,0.058394283,0.764095914,0.959547262,0.123769431,1,0.509986722,0.876230569,0.044853862,0.456372882,0.543627118,0.65196126,0.34803874,0.260784504,0.446593463,0.090871201,0.370955636,0.228186441,0.663174725,0,0.775730691,0,0,0.34803874,0.05831002,0.178504756,0.876230569,1,0.264953838,0.876230569,0.713845975,0.67438819,0.089707724,0.273777082,0.123769431,0.34803874,0.34803874,0.015374465,0.044093465,0.048474343,0.053951334,0.069183662,0.074865543,0.053926886,0.042289069,0.039628797,0.065147661,0.057604789,0.064486331,0.032471486,0.043812066,0.03021356,0.032510361,0.02643975,0.021147815,0.015933973,0.168444644,Warning
107,0.712179221,0.237249087,1,1,1,1,1,1,0.822163972,0.25933387,0.333123572,0.547493013,0.472778859,0.050571691,0.423160748,0.949428309,1,1,0.022757261,0.511125182,0.107542558,0.045701701,0.830803765,0.973278226,0.050571691,1,0.465887182,0.949428309,0.047449817,0.498525455,0.501474545,0.712179221,0.287820779,0.284871689,0.487842767,0.08809435,0.396755741,0.249262727,0.724041676,0,0.762750913,0,0,0.287820779,0.061684763,0.148655371,0.949428309,1,0.284785297,0.949428309,0.737465067,0.73590413,0.094899635,0.257477764,0.050571691,0.287820779,0.287820779,0.012819625,0.042254129,0.045941701,0.053433317,0.065908622,0.071450815,0.052155222,0.041352339,0.038943377,0.06527355,0.058762887,0.063305311,0.033872478,0.04369014,0.030396203,0.034216465,0.027180948,0.022786533,0.017370429,0.178885908,Warning
108,0.303575333,0.696424667,1,1,1,1,1,1,0.939284933,0.284821233,0.1366089,0.460715067,0.360715067,1.11E-16,0.64696206,1,1,1,5.00E-17,0.3910726,0.278569867,0.1044637,0.651787666,0.951250273,1.11E-16,1,0.683033567,1,0.139284933,0.212502733,0.787497267,0.303575333,0.696424667,0.121430133,0.207949103,0.243748634,0.166966433,0.106251366,0.338396566,0,0.303575333,0,0,0.696424667,0.181070414,0.362140827,1,1,0.478569867,1,0.303575333,0.373217799,0.278569867,0.696424667,1.11E-16,0.696424667,0.696424667,0.005473743,0.047922589,0.068154557,0.069213209,0.093419596,0.113574552,0.075810475,0.057538555,0.05007675,0.062809973,0.058148828,0.061834987,0.026873167,0.036553603,0.023813087,0.020554521,0.015994348,0.010932374,0.012064407,0.089236679,Warning
109,0.433419064,0.566580936,1,1,1,1,1,1,0.913316187,0.278329047,0.195038579,0.486683813,0.386683813,0,0.572951133,1,1,1,0,0.430025719,0.226632374,0.08498714,0.716709532,0.960339334,0,1,0.611619515,1,0.113316187,0.303393345,0.696606655,0.433419064,0.566580936,0.173367626,0.296892059,0.198303328,0.238380485,0.151696672,0.461748111,0,0.433419064,0,0,0.566580936,0.147311043,0.294622087,1,1,0.426632374,1,0.433419064,0.490077158,0.226632374,0.566580936,0,0.566580936,0.566580936,0.00735416,0.044866932,0.059242175,0.06302175,0.084142229,0.09846817,0.06491047,0.049370737,0.045968735,0.064290814,0.060103083,0.065266395,0.029148293,0.040527471,0.026747243,0.024843268,0.020348185,0.015010959,0.014823984,0.121544945,Warning
110,0.536423331,0.463576669,1,1,1,1,1,1,0.892715334,0.273178833,0.241390499,0.507284666,0.407284666,5.55E-17,0.514238701,1,1,1,2.50E-17,0.460926999,0.185430668,0.0695365,0.768211666,0.967549633,5.55E-17,1,0.554967168,1,0.092715334,0.375496332,0.624503668,0.536423331,0.463576669,0.214569332,0.367449982,0.162251834,0.295032832,0.187748166,0.559602165,0,0.536423331,0,0,0.463576669,0.120529934,0.241059868,1,1,0.385430668,1,0.536423331,0.582780998,0.185430668,0.463576669,5.55E-17,0.463576669,0.463576669,0.008668869,0.043217955,0.053215178,0.059164966,0.077231808,0.088025046,0.058637626,0.044930299,0.043154957,0.065031711,0.060872887,0.065832422,0.030966139,0.042460617,0.028487732,0.02821497,0.023088154,0.018038958,0.016350216,0.14440949,Warning
111,0.093674768,0.367715803,1,1,1,1,1,1,0.604238446,0.241455319,0.176806003,0.472595896,0.641900611,0.538609429,0.86355508,0.461390571,1,1,0.242374243,0.301171959,0.281738679,0.162879256,0.277532669,0.866538008,0.538609429,1,0.879270292,0.461390571,0.073543161,0.065572337,0.934427663,0.093674768,0.906325232,0.037469907,0.064167216,0.182561474,0.105382065,0.032786169,0.112060558,0,0.632284197,0,0,0.906325232,0.095606109,0.460516932,0.461390571,1,0.239364435,0.461390571,0.362979482,0.130446348,0.147086321,0.583159575,0.538609429,0.906325232,0.906325232,0.021201015,0.063158159,0.100025585,0.087708012,0.112008752,0.127387409,0.102998074,0.072120779,0.05326057,0.055048307,0.031295232,0.041949328,0.021411911,0.027122178,0.012211866,0.010200991,0.00705576,0.003631371,0.003428045,0.046776657,Warning
112,0.265202368,0.243989643,1,1,1,1,1,1,0.603393934,0.237659083,0.242043063,0.502121272,0.647525267,0.490807989,0.757180088,0.509192011,1,1,0.220863595,0.355020311,0.220297855,0.134760044,0.387197189,0.884759127,0.490807989,1,0.777759896,0.509192011,0.048797929,0.185641657,0.814358343,0.265202368,0.734797632,0.106080947,0.181663622,0.134477174,0.194942101,0.092820829,0.27740185,0,0.756010357,0,0,0.734797632,0.063437307,0.372278609,0.509192011,1,0.19943426,0.509192011,0.510606362,0.289601332,0.097595857,0.440312839,0.490807989,0.734797632,0.734797632,0.025147075,0.058052287,0.080108465,0.070280362,0.097317387,0.10465089,0.075534562,0.057546475,0.046926645,0.059795881,0.042790814,0.057599974,0.024546533,0.035761144,0.020205313,0.017928132,0.016710854,0.009680561,0.00785406,0.091562588,Warning
113,0.712249951,0.287750049,1,1,1,1,1,1,0.85755001,0.264387502,0.320512478,0.54244999,0.44244999,1.11E-16,0.414017528,1,1,1,5.00E-17,0.513674985,0.11510002,0.043162507,0.856124975,0.979857497,1.11E-16,1,0.458262527,1,0.05755001,0.498574966,0.501425034,0.712249951,0.287750049,0.28489998,0.487891216,0.100712517,0.391737473,0.249287483,0.726637453,0,0.712249951,0,0,0.287750049,0.074815013,0.149630026,1,1,0.31510002,1,0.712249951,0.741024956,0.11510002,0.287750049,1.11E-16,0.287750049,0.287750049,0.010623706,0.041391096,0.045731202,0.054211073,0.066266036,0.072512564,0.051865502,0.041122439,0.039276707,0.065353647,0.060042958,0.063359203,0.034113901,0.043530693,0.030161031,0.03395193,0.026861476,0.022836957,0.018085768,0.178702112,Warning
114,0.585645505,0.414354495,1,1,1,1,1,1,0.882870899,0.270717725,0.263540477,0.517129101,0.417129101,5.55E-17,0.486182062,1,1,1,2.50E-17,0.475693652,0.165741798,0.062153174,0.792822753,0.970995185,5.55E-17,1,0.527894972,1,0.082870899,0.409951854,0.590048146,0.585645505,0.414354495,0.234258202,0.401167171,0.145024073,0.322105028,0.204975927,0.60636323,0,0.585645505,0,0,0.414354495,0.107732169,0.215464337,1,1,0.365741798,1,0.585645505,0.627080955,0.165741798,0.414354495,5.55E-17,0.414354495,0.414354495,0.009248752,0.042607821,0.050747799,0.057603891,0.074061101,0.083425396,0.056285116,0.043402834,0.041956777,0.065245172,0.060939806,0.065529995,0.031841134,0.043029576,0.02912507,0.029821702,0.024232599,0.019427208,0.016924775,0.154543478,Warning
115,0.612595696,0.387404304,1,1,1,1,1,1,0.877480861,0.269370215,0.275668063,0.522519139,0.422519139,0,0.470820453,1,1,1,0,0.483778709,0.154961722,0.058110646,0.806297848,0.972881699,0,1,0.513072367,1,0.077480861,0.428816987,0.571183013,0.612595696,0.387404304,0.245038278,0.419628052,0.135591506,0.336927633,0.214408494,0.631965911,0,0.612595696,0,0,0.387404304,0.100725119,0.201450238,1,1,0.354961722,1,0.612595696,0.651336126,0.154961722,0.387404304,0,0.387404304,0.387404304,0.009554514,0.042311885,0.049517923,0.056814745,0.072359379,0.080999295,0.055156829,0.042722336,0.041339627,0.065322323,0.060883767,0.065225658,0.032322205,0.043249108,0.029419154,0.030700912,0.024824338,0.020172091,0.017205566,0.159898346,Warning
116,0.539454128,0.460545872,1,1,1,1,1,1,0.892109174,0.273027294,0.242754357,0.507890826,0.407890826,0,0.512511147,1,1,1,0,0.461836238,0.184218349,0.069081881,0.769727064,0.967761789,0,1,0.55330023,1,0.092109174,0.377617889,0.622382111,0.539454128,0.460545872,0.215781651,0.369526077,0.161191055,0.29669977,0.188808945,0.562481421,0,0.539454128,0,0,0.460545872,0.119741927,0.239483854,1,1,0.384218349,1,0.539454128,0.585508715,0.184218349,0.460545872,0,0.460545872,0.460545872,0.008705418,0.043177486,0.053055394,0.059064,0.077034164,0.08773511,0.058481391,0.044825415,0.04307846,0.065047524,0.060883023,0.065823756,0.031019878,0.042502063,0.028530667,0.028313948,0.023161283,0.018125493,0.016388129,0.145047398,Warning
117,0.195242988,0.722452115,1,1,1,1,1,1,0.903337975,0.282007361,0.108435569,0.447279087,0.388431536,0.082304897,0.723526378,0.917695103,1,1,0.037037204,0.354457651,0.30955707,0.124828797,0.556469045,0.932967373,0.082304897,1,0.754962091,0.917695103,0.144490423,0.136670091,0.863329909,0.195242988,0.804757012,0.078097195,0.133741447,0.26108873,0.115614133,0.068335046,0.231365594,0,0.277547885,0,0,0.804757012,0.18783755,0.416827548,0.917695103,1,0.472519867,0.917695103,0.236395436,0.267488199,0.288980846,0.755374074,0.082304897,0.804757012,0.804757012,0.005677479,0.052308196,0.078081759,0.075383678,0.101201134,0.126749245,0.090122419,0.06580643,0.053458932,0.060500589,0.05103325,0.055618895,0.024644296,0.032743503,0.020248566,0.016714709,0.011622496,0.007262514,0.008388756,0.062433152,Warning
118,0.280772362,0.024315966,1,1,1,1,1,1,0.457407358,0.216470215,0.300075481,0.52564564,0.773101475,0.694911671,0.785043854,0.305088329,1,1,0.312710252,0.349486125,0.183454304,0.142629729,0.292930346,0.859315548,0.694911671,1,0.799811951,0.305088329,0.004863193,0.196540654,0.803459346,0.280772362,0.719227638,0.112308945,0.192329068,0.078001755,0.223915966,0.098270327,0.281988161,0,0.975684034,0,0,0.719227638,0.006322151,0.360100138,0.305088329,1,0.070744052,0.305088329,0.628228198,0.283203959,0.009726387,0.302280635,0.694911671,0.719227638,0.719227638,0.039660334,0.065716342,0.083206758,0.06975674,0.09965258,0.094417434,0.0605753,0.056612483,0.043332369,0.059864533,0.045070199,0.057911318,0.024446283,0.033200555,0.019766925,0.01763676,0.018685109,0.010337797,0.006834029,0.093316151,Warning
119,0.645472296,0.177110679,1,1,1,1,1,1,0.746713624,0.249984683,0.334816789,0.546836162,0.535544674,0.177417025,0.484015856,0.822582975,1,1,0.079837661,0.484770838,0.115198528,0.062050007,0.734027636,0.952118848,0.177417025,1,0.521602791,0.822582975,0.035422136,0.451830607,0.548169393,0.645472296,0.354527704,0.258188918,0.442148523,0.07973044,0.372751465,0.225915304,0.65432783,0,0.822889321,0,0,0.354527704,0.046048777,0.180806066,0.822582975,1,0.235360867,0.822582975,0.734180808,0.663183364,0.070844272,0.248077489,0.177417025,0.354527704,0.354527704,0.017903143,0.045179008,0.048990002,0.05346497,0.069417708,0.074103706,0.053561075,0.042581369,0.039356186,0.065059865,0.056689394,0.064549047,0.032134071,0.043763972,0.030336127,0.032482935,0.026659449,0.02094566,0.015188772,0.167633542,Warning
120,0.496444762,0.503555238,1,1,1,1,1,1,0.900711048,0.275177762,0.223400143,0.499288952,0.399288952,1.11E-16,0.537026485,1,1,1,5.00E-17,0.448933429,0.201422095,0.075533286,0.748222381,0.964751133,1.11E-16,1,0.576955381,1,0.100711048,0.347511334,0.652488666,0.496444762,0.503555238,0.198577905,0.340064662,0.176244333,0.273044619,0.173755667,0.521622524,0,0.496444762,0,0,0.503555238,0.130924362,0.261848724,1,1,0.401422095,1,0.496444762,0.546800286,0.201422095,0.503555238,1.11E-16,0.503555238,0.503555238,0.008175713,0.043791502,0.05542284,0.060560664,0.079868597,0.091937542,0.060844924,0.046449422,0.044197572,0.064790818,0.06066908,0.065816335,0.030258633,0.041832631,0.027876491,0.026908294,0.02208638,0.016884029,0.015815245,0.135813287,Warning
121,0.711943931,0.288056069,1,1,1,1,1,1,0.857611214,0.264402803,0.320374769,0.542388786,0.442388786,0,0.414191959,1,1,1,0,0.513583179,0.115222428,0.04320841,0.855971965,0.979836075,0,1,0.458430838,1,0.057611214,0.498360752,0.501639248,0.711943931,0.288056069,0.284777572,0.487681593,0.100819624,0.391569162,0.249180376,0.726346734,0,0.711943931,0,0,0.288056069,0.074894578,0.149789156,1,1,0.315222428,1,0.711943931,0.740749538,0.115222428,0.288056069,0,0.288056069,0.288056069,0.010620546,0.041393591,0.04574148,0.054218462,0.066284263,0.072537566,0.051873639,0.041125198,0.039282544,0.06535405,0.060047156,0.063366501,0.034108355,0.043531024,0.030159587,0.03394193,0.026855462,0.022828975,0.018083355,0.178646316,Warning
122,0.015456617,0.928318563,1,1,1,1,1,1,0.957551302,0.293604687,0.021011683,0.408713805,0.336826216,0.056224821,0.821310196,0.943775179,1,1,0.025301169,0.301825744,0.38538363,0.150492749,0.479615898,0.923772736,0.056224821,1,0.849932584,0.943775179,0.185663713,0.010819632,0.989180368,0.015456617,0.984543383,0.006182647,0.010587782,0.330533979,0.014123621,0.005409816,0.061872545,0,0.071681437,0,0,0.984543383,0.241362826,0.510838063,0.943775179,1,0.560082461,0.943775179,0.043569027,0.108288473,0.371327425,0.950808491,0.056224821,0.984543383,0.984543383,0.001154949,0.060743417,0.090932047,0.089177364,0.116092139,0.156848801,0.117142,0.086365685,0.060262766,0.056795735,0.047014166,0.039861065,0.021567808,0.021765694,0.014182131,0.010393725,0.001078102,0.000610967,0.000837207,0.007174234,Warning
123,0.306977478,0.693022522,1,1,1,1,1,1,0.938604504,0.284651126,0.138139865,0.461395496,0.361395496,0,0.645022838,1,1,1,0,0.392093243,0.277209009,0.103953378,0.653488739,0.951488423,0,1,0.681162387,1,0.138604504,0.214884235,0.785115765,0.306977478,0.693022522,0.122790991,0.210279572,0.242557883,0.168837613,0.107442117,0.341628604,0,0.306977478,0,0,0.693022522,0.180185856,0.360371711,1,1,0.477209009,1,0.306977478,0.37627973,0.277209009,0.693022522,0,0.693022522,0.693022522,0.005526442,0.047825568,0.067906786,0.069030759,0.093168248,0.113146847,0.075478026,0.057285979,0.049962207,0.062856292,0.05821151,0.061968138,0.02693272,0.036680705,0.023899955,0.020667742,0.016123937,0.011043306,0.012151203,0.090133631,Warning
124,0.530443887,0.469556113,1,1,1,1,1,1,0.893911223,0.273477806,0.238699749,0.506088777,0.406088777,0,0.517646985,1,1,1,0,0.459133166,0.187822445,0.070433417,0.765221943,0.967131072,0,1,0.558255862,1,0.093911223,0.371310721,0.628689279,0.530443887,0.469556113,0.212177555,0.363354062,0.16434464,0.291744138,0.18565536,0.553921692,0,0.530443887,0,0,0.469556113,0.122084589,0.244169179,1,1,0.387822445,1,0.530443887,0.577399498,0.187822445,0.469556113,0,0.469556113,0.469556113,0.008596421,0.043298979,0.053533813,0.059366098,0.077622643,0.088599726,0.058950354,0.045141428,0.043306916,0.064999459,0.06085063,0.065845509,0.030860156,0.042376317,0.028401604,0.028019661,0.022942761,0.017867813,0.016274364,0.143145346,Warning
125,0.294448892,0.385097729,1,1,1,1,1,1,0.716792856,0.253232217,0.212615346,0.490935116,0.551161806,0.320453379,0.70984574,0.679546621,1,1,0.144204021,0.372311999,0.234152436,0.121855335,0.486997756,0.908952483,0.320453379,1,0.736121116,0.679546621,0.077019546,0.206114224,0.793885776,0.294448892,0.705551108,0.117779557,0.201697491,0.166829543,0.193992229,0.103057112,0.313703778,0,0.614902271,0,0,0.705551108,0.100125409,0.360477509,0.679546621,1,0.289948416,0.679546621,0.454675582,0.332958665,0.154039091,0.51327908,0.320453379,0.705551108,0.705551108,0.017002321,0.05313264,0.074143383,0.068051278,0.093628429,0.106866046,0.077493625,0.056090301,0.047861634,0.06098754,0.046196984,0.059958632,0.025524533,0.037780049,0.022149755,0.019706685,0.017128132,0.010597669,0.009526023,0.096174339,Warning
126,0.728676297,0.271323703,1,1,1,1,1,1,0.854264741,0.263566185,0.327904334,0.545735259,0.445735259,5.55E-17,0.404654511,1,1,1,2.50E-17,0.518602889,0.108529481,0.040698555,0.864338149,0.981007341,5.55E-17,1,0.449228036,1,0.054264741,0.510073408,0.489926592,0.728676297,0.271323703,0.291470519,0.499143264,0.094963296,0.400771964,0.255036704,0.742242482,0,0.728676297,0,0,0.271323703,0.070544163,0.141088325,1,1,0.308529481,1,0.728676297,0.755808668,0.108529481,0.271323703,5.55E-17,0.271323703,0.271323703,0.010792115,0.041258374,0.045220906,0.053817092,0.065290281,0.071177283,0.051443938,0.040992247,0.038966459,0.065319056,0.059800588,0.0629534,0.034411175,0.043501668,0.030230227,0.03448808,0.027182386,0.023263082,0.018212906,0.181678737,Warning
127,0.169492747,0.556801262,1,1,1,1,1,1,0.774507257,0.264154764,0.144698234,0.461269148,0.498122144,0.273705991,0.772656213,0.726294009,1,1,0.123167696,0.337162524,0.291147003,0.138261388,0.447893378,0.906282713,0.273705991,1,0.797834888,0.726294009,0.111360252,0.118644923,0.881355077,0.169492747,0.830507253,0.067797099,0.116102531,0.222251041,0.12059161,0.059322461,0.19733281,0,0.443198738,0,0,0.830507253,0.144768328,0.426389652,0.726294009,1,0.367979307,0.726294009,0.306345742,0.225172873,0.222720505,0.666283659,0.273705991,0.830507253,0.830507253,0.011348129,0.055503305,0.08476166,0.077561529,0.103164177,0.125585644,0.095262917,0.066391313,0.053054885,0.058653613,0.041648392,0.05213903,0.023500749,0.032501052,0.01796178,0.015050586,0.010926821,0.006351245,0.006670184,0.06196299,Warning
128,0.573559382,0.426440618,1,1,1,1,1,1,0.885288124,0.271322031,0.258101722,0.514711876,0.414711876,0,0.493071152,1,1,1,0,0.472067815,0.170576247,0.063966093,0.786779691,0.970149157,0,1,0.53454234,1,0.085288124,0.401491568,0.598508432,0.573559382,0.426440618,0.229423753,0.392888177,0.149254216,0.31545766,0.200745784,0.594881413,0,0.573559382,0,0,0.426440618,0.110874561,0.221749121,1,1,0.370576247,1,0.573559382,0.616203444,0.170576247,0.426440618,0,0.426440618,0.426440618,0.009109019,0.042748845,0.051326552,0.057972285,0.074832121,0.084534018,0.056827069,0.043743532,0.042242408,0.065201463,0.060943196,0.065635524,0.031625887,0.042910285,0.028980528,0.029427348,0.02395973,0.019089714,0.0167915,0.152098975,Warning
129,0.57006117,0.097176494,1,1,1,1,1,1,0.653054131,0.238220708,0.339718111,0.547288468,0.613669636,0.332762336,0.554962354,0.667237664,1,1,0.149743051,0.454380234,0.122061182,0.081128941,0.618649417,0.926645178,0.332762336,1,0.586380707,0.667237664,0.019435299,0.399042819,0.600957181,0.57006117,0.42993883,0.228024468,0.390491902,0.067288006,0.346809877,0.19952141,0.574919995,0,0.902823506,0,0,0.42993883,0.025265888,0.216912945,0.667237664,1,0.17231813,0.667237664,0.736442338,0.579778819,0.038870598,0.230281428,0.332762336,0.42993883,0.42993883,0.024826639,0.049336154,0.053561203,0.054211758,0.074292405,0.076619512,0.053197702,0.044383999,0.03967755,0.064534121,0.054506951,0.06531681,0.030248838,0.042885941,0.029600953,0.030148982,0.026040153,0.01886697,0.012779358,0.154964,Warning
130,0.383167492,0.616832508,1,1,1,1,1,1,0.923366502,0.280841625,0.172425371,0.476633498,0.376633498,0,0.60159453,1,1,1,0,0.414950247,0.246733003,0.092524876,0.691583746,0.956821724,0,1,0.63925788,1,0.123366502,0.268217244,0.731782756,0.383167492,0.616832508,0.153266997,0.262469732,0.215891378,0.21074212,0.134108622,0.414009117,0,0.383167492,0,0,0.616832508,0.160376452,0.320752904,1,1,0.446733003,1,0.383167492,0.444850742,0.246733003,0.616832508,0,0.616832508,0.616832508,0.006657593,0.045901037,0.062549783,0.065231928,0.087655517,0.104030437,0.068705502,0.052179026,0.047489439,0.063789212,0.059460626,0.064326194,0.0282664,0.039199687,0.025706111,0.023190171,0.018798931,0.013469052,0.013882312,0.109511044,Warning
131,0.140084015,0.518329652,1,1,1,1,1,1,0.732872764,0.258837166,0.14843439,0.462175436,0.532968602,0.341586332,0.801637651,0.658413668,1,1,0.15371385,0.324945888,0.292728444,0.146066714,0.399248841,0.895399658,0.341586332,1,0.824191741,0.658413668,0.10366593,0.098058811,0.901941189,0.140084015,0.859915985,0.056033606,0.09595755,0.215574012,0.111204842,0.049029405,0.166000498,0,0.481670348,0,0,0.859915985,0.13476571,0.440324585,0.658413668,1,0.339014594,0.658413668,0.310877181,0.19191698,0.207331861,0.654964185,0.341586332,0.859915985,0.859915985,0.013216194,0.057524397,0.089285173,0.08055654,0.105888228,0.127839785,0.099370823,0.06866328,0.053605084,0.057516123,0.038023253,0.048960914,0.022768269,0.030965589,0.016238564,0.013537189,0.009477305,0.005305979,0.005483138,0.055774176,Warning
132,0.542210288,0.457789712,1,1,1,1,1,1,0.891557942,0.272889486,0.24399463,0.508442058,0.408442058,5.55E-17,0.510940136,1,1,1,2.50E-17,0.462663086,0.183115885,0.068668457,0.771105144,0.96795472,5.55E-17,1,0.551784341,1,0.091557942,0.379547202,0.620452798,0.542210288,0.457789712,0.216884115,0.371414047,0.160226399,0.298215659,0.189773601,0.565099774,0,0.542210288,0,0,0.457789712,0.119025325,0.23805065,1,1,0.383115885,1,0.542210288,0.587989259,0.183115885,0.457789712,5.55E-17,0.457789712,0.457789712,0.008738565,0.043141082,0.052909931,0.058972822,0.076854794,0.087472335,0.058340705,0.044731332,0.043009255,0.065061672,0.060891642,0.06581478,0.031068796,0.04253906,0.028569326,0.028403982,0.023227488,0.018204085,0.01642232,0.14562603,Warning
133,0.498046322,0.501953678,1,1,1,1,1,1,0.900390736,0.275097684,0.224120845,0.499609264,0.399609264,0,0.536113596,1,1,1,0,0.449413897,0.200781471,0.075293052,0.749023161,0.964863243,0,1,0.576074523,1,0.100390736,0.348632426,0.651367574,0.498046322,0.501953678,0.199218529,0.341161731,0.175683787,0.273925477,0.174316213,0.523144006,0,0.498046322,0,0,0.501953678,0.130507956,0.261015912,1,1,0.400781471,1,0.498046322,0.54824169,0.200781471,0.501953678,0,0.501953678,0.501953678,0.008195874,0.043767032,0.055330945,0.060502397,0.079761894,0.091777559,0.060751149,0.046383669,0.044154602,0.064801544,0.060679682,0.065821767,0.030286931,0.041860729,0.027902571,0.026960685,0.022127911,0.016930784,0.015837984,0.136164291,Warning
134,0.359491151,0.293591844,1,1,1,1,1,1,0.685259867,0.247333742,0.248500269,0.506589931,0.580048433,0.346917005,0.677535105,0.653082995,1,1,0.156112652,0.390501495,0.204165989,0.113422178,0.506287073,0.91006517,0.346917005,1,0.704317418,0.653082995,0.058718369,0.251643806,0.748356194,0.359491151,0.640508849,0.14379646,0.246251439,0.137448846,0.232411834,0.125821903,0.374170743,0,0.706408156,0,0,0.640508849,0.07633388,0.326126261,0.653082995,1,0.248053337,0.653082995,0.532949653,0.388850336,0.117436738,0.432358646,0.346917005,0.640508849,0.640508849,0.020161775,0.052528102,0.068817857,0.063795474,0.088929745,0.098112369,0.069504061,0.05205743,0.045364521,0.062025634,0.04846174,0.062589365,0.026568548,0.039675125,0.024170504,0.022156311,0.01984739,0.012679873,0.010457907,0.11209627,Warning
135,0.499767752,0.500232248,1,1,1,1,1,1,0.90004645,0.275011612,0.224895488,0.49995355,0.39995355,0,0.535132381,1,1,1,0,0.449930326,0.200092899,0.075034837,0.749883876,0.964983743,0,1,0.575127736,1,0.10004645,0.349837426,0.650162574,0.499767752,0.500232248,0.199907101,0.34234091,0.175081287,0.274872264,0.174918713,0.524779364,0,0.499767752,0,0,0.500232248,0.130060384,0.260120769,1,1,0.400092899,1,0.499767752,0.549790977,0.200092899,0.500232248,0,0.500232248,0.500232248,0.008217506,0.043740877,0.055232237,0.060439997,0.079647309,0.091605916,0.060650864,0.046313456,0.04410853,0.064813193,0.060690859,0.065827152,0.030317352,0.041890656,0.027930457,0.027016993,0.022172415,0.016980993,0.015862298,0.136540942,Warning
136,0.487033674,0.512966326,1,1,1,1,1,1,0.902593265,0.275648316,0.219165153,0.497406735,0.397406735,1.11E-16,0.542390806,1,1,1,5.00E-17,0.446110102,0.20518653,0.076944949,0.743516837,0.964092357,1.11E-16,1,0.582131479,1,0.102593265,0.340923572,0.659076428,0.487033674,0.512966326,0.19481347,0.333618067,0.179538214,0.267868521,0.170461786,0.51268199,0,0.487033674,0,0,0.512966326,0.133371245,0.266742489,1,1,0.40518653,1,0.487033674,0.538330307,0.20518653,0.512966326,1.11E-16,0.512966326,0.512966326,0.008056555,0.043938042,0.05596752,0.060907273,0.080497578,0.092883495,0.061405336,0.046844239,0.044452178,0.06472536,0.060602922,0.065776213,0.030092477,0.04166257,0.027720628,0.0266004,0.021839876,0.01660848,0.015679333,0.133739525,Warning
137,0.504850679,0.495149321,1,1,1,1,1,1,0.899029864,0.274757466,0.227182805,0.500970136,0.400970136,0,0.532235113,1,1,1,0,0.451455204,0.198059729,0.074272398,0.752425339,0.965339548,0,1,0.572332127,1,0.099029864,0.353395475,0.646604525,0.504850679,0.495149321,0.201940271,0.345822715,0.173302262,0.277667873,0.176697738,0.529608145,0,0.504850679,0,0,0.495149321,0.128738824,0.257477647,1,1,0.398059729,1,0.504850679,0.554365611,0.198059729,0.495149321,0,0.495149321,0.495149321,0.008281141,0.043664486,0.054943964,0.060257051,0.079309517,0.091100897,0.060357762,0.046108876,0.043973136,0.06484637,0.06072247,0.065840262,0.030407179,0.041977321,0.028011883,0.027183209,0.022302992,0.017128958,0.01593332,0.137649209,Warning
138,0.55121019,0.44878981,1,1,1,1,1,1,0.889757962,0.272439491,0.248044585,0.510242038,0.410242038,5.55E-17,0.505810192,1,1,1,2.50E-17,0.465363057,0.179515924,0.067318472,0.775605095,0.968584713,5.55E-17,1,0.546834396,1,0.089757962,0.385847133,0.614152867,0.55121019,0.44878981,0.220484076,0.37757898,0.157076434,0.303165604,0.192923566,0.57364968,0,0.55121019,0,0,0.44878981,0.116685351,0.233370701,1,1,0.379515924,1,0.55121019,0.596089171,0.179515924,0.44878981,5.55E-17,0.44878981,0.44878981,0.008846122,0.043024329,0.052444311,0.058678639,0.076270635,0.086619155,0.057889845,0.044432196,0.042785188,0.065105594,0.060915101,0.065777552,0.031228522,0.042654823,0.028692679,0.028697832,0.023441491,0.018459845,0.01653192,0.147504222,Warning
139,0.468677952,0.531322048,1,1,1,1,1,1,0.90626441,0.276566102,0.210905078,0.49373559,0.39373559,0,0.552853567,1,1,1,0,0.440603386,0.212528819,0.079698307,0.734338976,0.962807457,0,1,0.592227126,1,0.10626441,0.328074567,0.671925433,0.468677952,0.531322048,0.187471181,0.321044397,0.185962717,0.257772874,0.164037283,0.495244055,0,0.468677952,0,0,0.531322048,0.138143732,0.276287465,1,1,0.412528819,1,0.468677952,0.521810157,0.212528819,0.531322048,0,0.531322048,0.531322048,0.00782065,0.044237481,0.057056807,0.06160396,0.081733509,0.094757209,0.062544661,0.047655741,0.044958766,0.06458843,0.060454827,0.065656369,0.029768767,0.041306004,0.027403636,0.025999439,0.021346392,0.016066902,0.015402453,0.129638,Warning
140,0.724759756,0.275240244,1,1,1,1,1,1,0.855048049,0.263762012,0.32614189,0.544951951,0.444951951,1.67E-16,0.406886939,1,1,1,7.49E-17,0.517427927,0.110096098,0.041286037,0.862379878,0.980733183,1.67E-16,1,0.451382134,1,0.055048049,0.507331829,0.492668171,0.724759756,0.275240244,0.289903902,0.496460433,0.096334085,0.398617866,0.253665915,0.738521768,0,0.724759756,0,0,0.275240244,0.071562463,0.143124927,1,1,0.310096098,1,0.724759756,0.75228378,0.110096098,0.275240244,1.67E-16,0.275240244,0.275240244,0.010752128,0.041289658,0.04534008,0.053910378,0.065522207,0.071494184,0.05154157,0.041019946,0.039039734,0.06532823,0.059861191,0.06305238,0.034340237,0.043510415,0.0302151,0.034360225,0.027106084,0.023161805,0.018182931,0.180971514,Warning
141,0.375582953,0.09398194,1,1,1,1,1,1,0.553578834,0.228177342,0.301621106,0.528160101,0.693377655,0.530435108,0.701396036,0.469564892,1,1,0.238695798,0.38615313,0.170201553,0.120184312,0.422573923,0.887334243,0.530435108,1,0.722994642,0.469564892,0.018796388,0.262908067,0.737091933,0.375582953,0.624417047,0.150233181,0.257274323,0.08593719,0.259614135,0.131454033,0.38028205,0,0.90601806,0,0,0.624417047,0.024435304,0.314088162,0.469564892,1,0.131505754,0.469564892,0.640800506,0.384981147,0.037592776,0.306155983,0.530435108,0.624417047,0.624417047,0.031516025,0.057604536,0.070050482,0.06231864,0.089415047,0.089924165,0.059676689,0.051186456,0.042665594,0.061949524,0.048495556,0.062771841,0.026367158,0.038486566,0.024227469,0.022408853,0.021612577,0.013253412,0.009168731,0.11690068,Warning
142,0.578280141,0.035942274,1,1,1,1,1,1,0.614299662,0.232508234,0.35667046,0.554233787,0.647122579,0.385777585,0.559820285,0.614222415,1,1,0.173599913,0.454195163,0.110821306,0.082546858,0.596251278,0.920328524,0.385777585,1,0.58981256,0.614222415,0.007188455,0.404796099,0.595203901,0.578280141,0.421719859,0.231312056,0.396121897,0.051157554,0.356631836,0.202398049,0.580077255,0,0.964057726,0,0,0.421719859,0.009344991,0.211578775,0.614222415,1,0.137221392,0.614222415,0.771168934,0.581874368,0.01437691,0.190253308,0.385777585,0.421719859,0.421719859,0.028239829,0.050567831,0.053424439,0.053530565,0.073974384,0.074230662,0.050559419,0.044457057,0.03897482,0.064570859,0.054520818,0.065243962,0.030222366,0.042455892,0.029901969,0.030542427,0.026622043,0.019098092,0.012214515,0.156648051,Warning
143,0.46179163,0.53820837,1,1,1,1,1,1,0.907641674,0.276910418,0.207806234,0.492358326,0.392358326,0,0.556778771,1,1,1,0,0.438537489,0.215283348,0.080731255,0.730895815,0.962325414,0,1,0.596014603,1,0.107641674,0.323254141,0.676745859,0.46179163,0.53820837,0.184716652,0.316327267,0.188372929,0.253985397,0.161627071,0.488702049,0,0.46179163,0,0,0.53820837,0.139934176,0.279868352,1,1,0.415283348,1,0.46179163,0.515612467,0.215283348,0.53820837,0,0.53820837,0.53820837,0.007730935,0.044354653,0.057474169,0.061872525,0.082200336,0.095470206,0.06298816,0.047974441,0.04515222,0.064534027,0.060392942,0.065596944,0.029647448,0.041163682,0.027280318,0.025773825,0.021156766,0.015862298,0.015294412,0.128079693,Warning
144,0.286541252,0.590833261,1,1,1,1,1,1,0.856853908,0.273410389,0.159599935,0.469570799,0.430883543,0.122625487,0.678744074,0.877374513,1,1,0.055181469,0.379831101,0.266989676,0.113150087,0.581957882,0.934116574,0.122625487,1,0.710796134,0.877374513,0.118166652,0.200578876,0.799421124,0.286541252,0.713458748,0.114616501,0.196280758,0.21905419,0.169860237,0.100289438,0.316082915,0,0.409166739,0,0,0.713458748,0.153616648,0.368546039,0.877374513,1,0.411808207,0.877374513,0.347853996,0.345624578,0.236333304,0.639883455,0.122625487,0.713458748,0.713458748,0.008801085,0.049910322,0.071529151,0.069301011,0.094053859,0.113329362,0.079732189,0.057810187,0.049881805,0.06182569,0.051872495,0.060508509,0.026079824,0.037022285,0.022817061,0.019845774,0.015860963,0.010344538,0.010737928,0.088735964,Warning
145,0.03050025,0.037348189,1,1,1,1,1,1,0.341393857,0.205259831,0.246763003,0.499315206,0.865390987,0.932151561,0.970402139,0.067848439,1,1,0.419468203,0.262542497,0.247977166,0.192032541,0.049174344,0.810955315,0.932151561,1,0.973047597,0.067848439,0.007469638,0.021350175,0.978649825,0.03050025,0.96949975,0.0122001,0.020892671,0.106287022,0.109990294,0.010675087,0.032367659,0,0.962651811,0,0,0.96949975,0.009710529,0.485496839,0.067848439,1,0.028508963,0.067848439,0.496576031,0.034235069,0.014939275,0.410208813,0.932151561,0.96949975,0.96949975,0.04668831,0.082879997,0.126815086,0.106597418,0.12943964,0.117268115,0.093195072,0.079269211,0.048994109,0.05128747,0.029328063,0.027446447,0.019734816,0.014041521,0.003291753,0.00277012,0.002841302,0.001264725,0.000924998,0.015921828,Warning
146,0.695474027,0.304525973,1,1,1,1,1,1,0.860905195,0.265226299,0.312963312,0.539094805,0.439094805,1.11E-16,0.423579804,1,1,1,5.00E-17,0.508642208,0.121810389,0.045678896,0.847737014,0.978683182,1.11E-16,1,0.467489285,1,0.060905195,0.486831819,0.513168181,0.695474027,0.304525973,0.278189611,0.476399709,0.10658409,0.382510715,0.24341591,0.710700326,0,0.695474027,0,0,0.304525973,0.079176753,0.158353506,1,1,0.321810389,1,0.695474027,0.725926624,0.121810389,0.304525973,1.11E-16,0.304525973,0.304525973,0.010449695,0.041531065,0.046284614,0.054621555,0.067270735,0.073893357,0.052329395,0.041293611,0.039601655,0.065376788,0.060258857,0.063747386,0.033810894,0.043539171,0.030074753,0.03340452,0.026530774,0.022398005,0.01795169,0.175631481,Warning
147,0.127060513,0.52224326,1,1,1,1,1,1,0.729100538,0.258577352,0.144851288,0.460481725,0.535829839,0.350696227,0.810700829,0.649303773,1,1,0.157813302,0.320583342,0.296571361,0.148475734,0.388182143,0.893303726,0.350696227,1,0.832721152,0.649303773,0.104448652,0.088942359,0.911057641,0.127060513,0.872939487,0.050824205,0.087036451,0.217854764,0.104952905,0.044471179,0.153172676,0,0.47775674,0,0,0.872939487,0.135783248,0.446914609,0.649303773,1,0.338758059,0.649303773,0.302408626,0.179284839,0.208897304,0.662521751,0.350696227,0.872939487,0.872939487,0.013173014,0.05809873,0.090812354,0.081862118,0.10702028,0.129560255,0.101491648,0.069885446,0.054053329,0.057126093,0.037030297,0.047633826,0.022511253,0.030239783,0.015620059,0.012956958,0.008726824,0.004834846,0.005030588,0.052332301,Warning
148,0.769993553,0.215821027,1,1,1,1,1,1,0.836071496,0.26008178,0.350043454,0.555417253,0.462509962,0.014185419,0.38365705,0.985814581,1,1,0.006383439,0.530288795,0.089874766,0.035210238,0.877904067,0.982055444,0.014185419,1,0.428631359,0.985814581,0.043164205,0.538995487,0.461004513,0.769993553,0.230006447,0.307997421,0.527445584,0.076955902,0.424914996,0.269497744,0.780784604,0,0.784178973,0,0,0.230006447,0.056113467,0.119319644,0.985814581,1,0.283491327,0.985814581,0.777086263,0.791575656,0.086328411,0.221495195,0.014185419,0.230006447,0.230006447,0.011838724,0.041176726,0.044123613,0.052626226,0.062759612,0.067585631,0.050616768,0.040913664,0.038125274,0.06516334,0.058702815,0.061812816,0.035091165,0.043379752,0.030418347,0.035924523,0.028072102,0.024302877,0.018307868,0.189058158,Warning
149,0.622890476,0.085347465,1,1,1,1,1,1,0.671188463,0.23967927,0.353241229,0.553754301,0.599635331,0.291762059,0.517469599,0.708237941,1,1,0.131292927,0.47227904,0.107079501,0.071154532,0.665564208,0.935673266,0.291762059,1,0.551174547,0.708237941,0.017069493,0.436023333,0.563976667,0.622890476,0.377109524,0.24915619,0.426679976,0.059047819,0.371765968,0.218011667,0.627157849,0,0.914652535,0,0,0.377109524,0.022190341,0.190261711,0.708237941,1,0.175786574,0.708237941,0.768771505,0.631425222,0.034138986,0.202052289,0.291762059,0.377109524,0.377109524,0.023650482,0.047803586,0.050556025,0.052907379,0.070790564,0.072992232,0.051829936,0.043369013,0.038880933,0.064874521,0.055375181,0.064813372,0.031304814,0.043279229,0.030427064,0.032019787,0.0269625,0.020306253,0.013598552,0.164258575,Warning
150,0.051681721,0.531354632,1,1,1,1,1,1,0.697789103,0.255719549,0.127497686,0.452032709,0.560514533,0.416963647,0.865594875,0.583036353,1,1,0.187633641,0.294656334,0.316782764,0.163095924,0.317359037,0.879412446,0.416963647,1,0.8841196,0.583036353,0.106270926,0.036177205,0.963822795,0.051681721,0.948318279,0.020672688,0.035401979,0.227670486,0.070121311,0.018088602,0.078249453,0,0.468645368,0,0,0.948318279,0.138152204,0.484786232,0.583036353,1,0.329149123,0.583036353,0.260163545,0.104817184,0.212541853,0.69814009,0.416963647,0.948318279,0.948318279,0.013358921,0.061845529,0.100407974,0.090592266,0.113954489,0.139568369,0.114971927,0.077512637,0.05659474,0.054555705,0.030511552,0.03845827,0.020978545,0.025471308,0.011623986,0.009349119,0.003891589,0.00202194,0.002171228,0.032159905,Warning
151,0.458917896,0.541082104,1,1,1,1,1,1,0.908216421,0.277054105,0.206513053,0.491783579,0.391783579,1.11E-16,0.558416799,1,1,1,5.00E-17,0.437675369,0.216432842,0.081162316,0.729458948,0.962124253,1.11E-16,1,0.597595157,1,0.108216421,0.321242527,0.678757473,0.458917896,0.541082104,0.183567158,0.314358759,0.189378736,0.252404843,0.160621264,0.485972001,0,0.458917896,0,0,0.541082104,0.140681347,0.281362694,1,1,0.416432842,1,0.458917896,0.513026106,0.216432842,0.541082104,1.11E-16,0.541082104,0.541082104,0.007693307,0.044404404,0.057648953,0.06198585,0.082395755,0.095769513,0.063175936,0.04810981,0.045233549,0.064510601,0.060366185,0.065569849,0.029596873,0.041102946,0.027228181,0.025679676,0.02107691,0.0157767,0.015248651,0.127426351,Warning
152,0.426624838,0.573375162,1,1,1,1,1,1,0.914675032,0.278668758,0.191981177,0.485324968,0.385324968,1.11E-16,0.576823842,1,1,1,5.00E-17,0.427987452,0.229350065,0.086006274,0.713312419,0.959863739,1.11E-16,1,0.615356339,1,0.114675032,0.298637387,0.701362613,0.426624838,0.573375162,0.170649935,0.292238014,0.200681307,0.234643661,0.149318693,0.455293597,0,0.426624838,0,0,0.573375162,0.149077542,0.298155084,1,1,0.429350065,1,0.426624838,0.483962355,0.229350065,0.573375162,1.11E-16,0.573375162,0.573375162,0.007262194,0.044996932,0.05967701,0.063307307,0.084611645,0.09920085,0.065393908,0.049725143,0.046168825,0.064228314,0.060025568,0.065166247,0.029028897,0.040363071,0.026613658,0.02462015,0.02014775,0.01480506,0.014705032,0.119952438,Warning
153,0.516300348,0.322956473,1,1,1,1,1,1,0.784219705,0.258110665,0.272520951,0.519334388,0.499705977,0.160743179,0.554642574,0.839256821,1,1,0.07233443,0.446852946,0.169368384,0.080592107,0.677778585,0.945244411,0.160743179,1,0.590146285,0.839256821,0.064591295,0.361410244,0.638589756,0.516300348,0.483699652,0.206520139,0.353665739,0.129109083,0.300039509,0.180705122,0.532448172,0,0.677043527,0,0,0.483699652,0.083968683,0.248308955,0.839256821,1,0.297033953,0.839256821,0.596671938,0.548595996,0.129182589,0.387253744,0.160743179,0.483699652,0.483699652,0.014793936,0.046255795,0.055547077,0.057787899,0.077748267,0.086512923,0.060302152,0.045483474,0.042510538,0.064413622,0.055933347,0.065600504,0.029933411,0.042925432,0.02829596,0.027914716,0.023554671,0.01738211,0.014268912,0.142835253,Warning
154,0.745940371,0.254059629,1,1,1,1,1,1,0.850811926,0.262702981,0.335673167,0.549188074,0.449188074,0,0.394813989,1,1,1,0,0.523782111,0.101623852,0.038108944,0.872970185,0.982215826,0,1,0.439732796,1,0.050811926,0.522158259,0.477841741,0.745940371,0.254059629,0.298376148,0.510969154,0.08892087,0.410267204,0.26107913,0.758643352,0,0.745940371,0,0,0.254059629,0.066055504,0.132111007,1,1,0.301623852,1,0.745940371,0.771346334,0.101623852,0.254059629,0,0.254059629,0.254059629,0.01096717,0.041122724,0.044718463,0.053409922,0.064273061,0.069790724,0.05103439,0.040894739,0.038648333,0.065270156,0.059511874,0.062500909,0.034724179,0.043449568,0.030286547,0.035051705,0.027517414,0.023707015,0.018342706,0.1847784,Warning
155,0.438971421,0.078456381,1,1,1,1,1,1,0.574405177,0.229794209,0.318180189,0.536051504,0.677337603,0.482572198,0.656649286,0.517427802,1,1,0.217157489,0.407562816,0.152025602,0.108282897,0.478199611,0.897993614,0.482572198,1,0.680951548,0.517427802,0.015691276,0.307279994,0.692720006,0.438971421,0.561028579,0.175588568,0.300695423,0.075716953,0.289691501,0.153639997,0.44289424,0,0.921543619,0,0,0.561028579,0.020398659,0.282083417,0.517427802,1,0.134868113,0.517427802,0.68025752,0.446817059,0.031382553,0.271485261,0.482572198,0.561028579,0.561028579,0.030454696,0.055126238,0.063898199,0.058809723,0.084241783,0.084769628,0.056022077,0.048459138,0.041407496,0.063011534,0.050926948,0.064488214,0.027565846,0.040240901,0.026409113,0.025096529,0.023476464,0.015153672,0.010214628,0.130227174,Warning
156,0.025350743,0.962648415,1,1,1,1,1,1,0.986529262,0.297532379,0.014408045,0.406270233,0.312270654,0.012000842,0.807710228,0.987999158,1,1,0.005400379,0.307005181,0.388059576,0.146797431,0.506674951,0.930214443,0.012000842,1,0.837857217,0.987999158,0.192529683,0.01774552,0.98225448,0.025350743,0.974649257,0.010140297,0.017365259,0.338127029,0.015142993,0.00887276,0.073483164,0,0.037351585,0,0,0.974649257,0.250288588,0.506577597,0.987999158,1,0.582659197,0.987999158,0.031351164,0.121615585,0.385059366,0.967448751,0.012000842,0.974649257,0.974649257,0.00068033,0.06004981,0.088626954,0.087939533,0.115486409,0.155720257,0.113371556,0.085764783,0.059964589,0.057489617,0.050798187,0.041672961,0.021918181,0.021913449,0.01501143,0.010987317,0.00172942,0.00099935,0.001389317,0.00848655,Warning
157,0.545695199,0.454304801,1,1,1,1,1,1,0.89086096,0.27271524,0.245562839,0.50913904,0.40913904,1.11E-16,0.508953737,1,1,1,5.00E-17,0.46370856,0.181721921,0.06814572,0.772847599,0.968198664,1.11E-16,1,0.549867641,1,0.09086096,0.381986639,0.618013361,0.545695199,0.454304801,0.218278079,0.373801211,0.15900668,0.300132359,0.19099332,0.568410439,0,0.545695199,0,0,0.454304801,0.118119248,0.236238497,1,1,0.381721921,1,0.545695199,0.591125679,0.181721921,0.454304801,1.11E-16,0.454304801,0.454304801,0.008780337,0.043095494,0.052728107,0.058858272,0.07662832,0.087141093,0.058164583,0.044614039,0.042922148,0.065078866,0.060901583,0.0658018,0.031130648,0.042584803,0.028617616,0.028517793,0.023310747,0.018303278,0.016465128,0.146355343,Warning
158,0.408952944,0.17329432,1,1,1,1,1,1,0.625782496,0.237777079,0.288467009,0.523565862,0.63244223,0.417752736,0.662092314,0.582247264,1,1,0.187988731,0.401798247,0.173755912,0.109544695,0.495600104,0.90431885,0.417752736,1,0.687738791,0.582247264,0.034658864,0.286267061,0.713732939,0.408952944,0.591047056,0.163581178,0.280132767,0.102428286,0.266699393,0.143133531,0.41761766,0,0.82670568,0,0,0.591047056,0.045056523,0.298989414,0.582247264,1,0.185767181,0.582247264,0.617829312,0.426282376,0.069317728,0.340395414,0.417752736,0.591047056,0.591047056,0.025521562,0.053612521,0.065572582,0.060664966,0.085811343,0.090204301,0.061981763,0.049577873,0.043035732,0.062639347,0.049801155,0.063902617,0.027217622,0.040374322,0.025551532,0.023977212,0.022039424,0.014223034,0.010505248,0.123785846,Warning
159,0.156437043,0.250242898,1,1,1,1,1,1,0.55338855,0.232846142,0.218726684,0.490619414,0.687279444,0.593320059,0.837628496,0.406679941,1,1,0.266994027,0.31726511,0.248427174,0.156200447,0.281558492,0.863818985,0.593320059,1,0.852957635,0.406679941,0.05004858,0.10950593,0.89049407,0.156437043,0.843562957,0.062574817,0.107159374,0.14691702,0.145372379,0.054752965,0.168949188,0,0.749757102,0,0,0.843562957,0.065063154,0.426786337,0.406679941,1,0.181433147,0.406679941,0.453097072,0.181461332,0.100097159,0.487570922,0.593320059,0.843562957,0.843562957,0.027158794,0.063445347,0.09462813,0.081306867,0.107692018,0.115358922,0.088183604,0.065888314,0.049759186,0.056682312,0.035646525,0.048249066,0.022414277,0.029870871,0.014675617,0.012604455,0.011310196,0.005956226,0.005022473,0.0641468,Warning
160,0.434575763,0.565424237,1,1,1,1,1,1,0.913084847,0.278271212,0.195559093,0.486915153,0.386915153,0,0.572291815,1,1,1,0,0.430372729,0.226169695,0.084813636,0.717287881,0.960420303,0,1,0.610983331,1,0.113084847,0.304203034,0.695796966,0.434575763,0.565424237,0.173830305,0.297684397,0.197898483,0.239016669,0.152101517,0.462846974,0,0.434575763,0,0,0.565424237,0.147010302,0.294020603,1,1,0.426169695,1,0.434575763,0.491118186,0.226169695,0.565424237,0,0.565424237,0.565424237,0.007369751,0.044845101,0.059168252,0.062973554,0.084062505,0.098344038,0.064829083,0.04931119,0.045934856,0.064301393,0.06011599,0.065282642,0.029168632,0.040555003,0.026769766,0.024881248,0.020382045,0.015045937,0.014843991,0.121815024,Warning
161,0.660197377,0.279933897,1,1,1,1,1,1,0.826052416,0.261003259,0.312056001,0.538026348,0.467960711,0.059868726,0.454463866,0.940131274,1,1,0.026940927,0.495065777,0.12694074,0.05396383,0.800164325,0.968430882,0.059868726,1,0.495871752,0.940131274,0.055986779,0.462138164,0.537861836,0.660197377,0.339802623,0.264078951,0.452235203,0.103963737,0.36909543,0.231069082,0.674194072,0,0.720066103,0,0,0.339802623,0.072782813,0.17549999,0.940131274,1,0.299999814,0.940131274,0.69013174,0.688190766,0.111973559,0.303881387,0.059868726,0.339802623,0.339802623,0.012577995,0.042865311,0.047849045,0.05460855,0.068996008,0.07561601,0.053808777,0.041954712,0.039913967,0.065266788,0.058976748,0.064402947,0.032898496,0.043725237,0.030058757,0.032525998,0.026197577,0.021411784,0.016845566,0.169499728,Warning
162,0.564087077,0.435912923,1,1,1,1,1,1,0.887182585,0.271795646,0.253839185,0.512817415,0.412817415,0,0.498470366,1,1,1,0,0.469226123,0.174365169,0.065386938,0.782043539,0.969486095,0,1,0.539752107,1,0.087182585,0.394860954,0.605139046,0.564087077,0.435912923,0.225634831,0.386399648,0.152569523,0.310247893,0.197430477,0.585882724,0,0.564087077,0,0,0.435912923,0.11333736,0.22667472,1,1,0.374365169,1,0.564087077,0.60767837,0.174365169,0.435912923,0,0.435912923,0.435912923,0.008998312,0.042863156,0.051793716,0.058267528,0.075439699,0.085412014,0.057267725,0.04402602,0.042470084,0.065163155,0.060936601,0.065704205,0.031457337,0.042807536,0.028861749,0.029118178,0.0237423,0.01882366,0.016683607,0.150163417,Warning
163,0.475401795,0.524598205,1,1,1,1,1,1,0.904919641,0.27622991,0.213930808,0.495080359,0.395080359,0,0.549020977,1,1,1,0,0.442620539,0.209839282,0.078689731,0.737700898,0.963278126,0,1,0.588529013,1,0.104919641,0.332781257,0.667218743,0.475401795,0.524598205,0.190160718,0.32565023,0.183609372,0.261470987,0.166390628,0.501631705,0,0.475401795,0,0,0.524598205,0.136395533,0.272791067,1,1,0.409839282,1,0.475401795,0.527861616,0.209839282,0.524598205,0,0.524598205,0.524598205,0.007907605,0.044125648,0.056653837,0.06134554,0.081279356,0.094066366,0.062120131,0.047352083,0.044771661,0.064640024,0.060511946,0.06570672,0.029887285,0.041440448,0.027521734,0.026219641,0.021529149,0.016265923,0.015505723,0.13114918,Warning
164,0.419600062,0.24773099,1,1,1,1,1,1,0.683211724,0.245753102,0.271987265,0.517186907,0.583521381,0.332668948,0.640708375,0.667331052,1,1,0.149701027,0.409246571,0.182259633,0.103693438,0.543465557,0.916125041,0.332668948,1,0.669120308,0.667331052,0.049546198,0.293720044,0.706279956,0.419600062,0.580399938,0.167840025,0.287426043,0.119972741,0.264046929,0.146860022,0.431986612,0,0.75226901,0,0,0.580399938,0.064410057,0.295154589,0.667331052,1,0.232558606,0.667331052,0.585934536,0.444373161,0.099092396,0.380798569,0.332668948,0.580399938,0.580399938,0.02105038,0.051246433,0.063732309,0.060533604,0.084535294,0.091781665,0.06413242,0.049120727,0.043639982,0.062959938,0.050792113,0.064283202,0.027650422,0.041118985,0.025987106,0.024476684,0.021842728,0.01452508,0.011403506,0.125187421,Warning
165,0.319596583,0.680403417,1,1,1,1,1,1,0.936080683,0.284020171,0.143818462,0.463919317,0.363919317,1.11E-16,0.637829948,1,1,1,5.00E-17,0.395878975,0.272161367,0.102060513,0.659798291,0.952371761,1.11E-16,1,0.67422188,1,0.136080683,0.223717608,0.776282392,0.319596583,0.680403417,0.127838633,0.218923659,0.238141196,0.17577812,0.111858804,0.353616753,0,0.319596583,0,0,0.680403417,0.176904889,0.353809777,1,1,0.472161367,1,0.319596583,0.387636924,0.272161367,0.680403417,1.11E-16,0.680403417,0.680403417,0.005720228,0.04747414,0.066997221,0.06836331,0.092239368,0.111575811,0.074267485,0.056367426,0.049539943,0.063025274,0.058438876,0.06244034,0.02715345,0.03714092,0.024217476,0.021087113,0.016596598,0.011452713,0.012465632,0.093436675,Warning
166,0.014393489,0.116072641,1,1,1,1,1,1,0.388447593,0.212326938,0.223860538,0.489832085,0.82459902,0.869533871,0.968311808,0.130466129,1,1,0.391290242,0.260841353,0.263812524,0.19131767,0.072429809,0.817968141,0.869533871,1,0.972513662,0.130466129,0.023214528,0.010075442,0.989924558,0.014393489,0.985606511,0.005757395,0.00985954,0.127578811,0.094869806,0.005037721,0.020197121,0,0.883927359,0,0,0.985606511,0.030178887,0.495124708,0.130466129,1,0.072522282,0.130466129,0.449160424,0.026000753,0.046429056,0.463886189,0.869533871,0.985606511,0.985606511,0.040134794,0.078708095,0.125022495,0.107267679,0.128202712,0.123473183,0.103109697,0.08075659,0.051189718,0.050718868,0.026081175,0.025668595,0.019446482,0.015012068,0.003289653,0.002743565,0.001324595,0.000593702,0.000470472,0.016785864,Error
167,0.046002642,0.040728802,1,1,1,1,1,1,0.351511483,0.206373012,0.249018328,0.500527384,0.857161662,0.913268556,0.958166834,0.086731444,1,1,0.41097085,0.268137365,0.24460866,0.188763031,0.066367043,0.814495273,0.913268556,1,0.96168883,0.086731444,0.00814576,0.032201849,0.967798151,0.046002642,0.953997358,0.018401057,0.03151181,0.105581936,0.116628309,0.016100925,0.048039082,0,0.959271198,0,0,0.953997358,0.010589489,0.477813255,0.086731444,1,0.03363781,0.086731444,0.50263692,0.050075522,0.016291521,0.406036225,0.913268556,0.953997358,0.953997358,0.045908696,0.081406188,0.1233464,0.103243489,0.127139315,0.115919792,0.090540729,0.07739419,0.048684413,0.051980365,0.030411887,0.030371049,0.020034744,0.01579631,0.004609889,0.003889424,0.004187171,0.00189075,0.001378495,0.021866704,Warning
168,0.54868223,0.45131777,1,1,1,1,1,1,0.890263554,0.272565889,0.246907003,0.509736446,0.409736446,0,0.507251129,1,1,1,0,0.464604669,0.180527108,0.067697666,0.774341115,0.968407756,0,1,0.548224774,1,0.090263554,0.384077561,0.615922439,0.54868223,0.45131777,0.219472892,0.375847327,0.15796122,0.301775226,0.19203878,0.571248118,0,0.54868223,0,0,0.45131777,0.11734262,0.234685241,1,1,0.380527108,1,0.54868223,0.593814007,0.180527108,0.45131777,0,0.45131777,0.45131777,0.008816021,0.043056825,0.052573348,0.058760763,0.076434524,0.086858106,0.058015207,0.044514999,0.042847856,0.065093378,0.060909276,0.065789265,0.031183677,0.04262311,0.028658494,0.028615333,0.023381727,0.018388151,0.016501457,0.146978482,Warning
169,0.474173829,0.097834161,1,1,1,1,1,1,0.605570827,0.233492108,0.320376226,0.537633967,0.651629972,0.42799201,0.626759479,0.57200799,1,1,0.192596405,0.420852548,0.146131667,0.100273526,0.523090909,0.907553207,0.42799201,1,0.653403196,0.57200799,0.019566832,0.33192168,0.66807832,0.474173829,0.525826171,0.189669532,0.324809073,0.077041157,0.303594807,0.16596084,0.479065537,0,0.902165839,0,0,0.525826171,0.025436882,0.264869769,0.57200799,1,0.153535262,0.57200799,0.688169834,0.483957245,0.039133664,0.269030965,0.42799201,0.525826171,0.525826171,0.028046753,0.053013874,0.06057676,0.057343763,0.081276377,0.082980194,0.055782798,0.047124894,0.041078469,0.063522548,0.052028775,0.065052143,0.02831111,0.04130798,0.027449943,0.026538057,0.024170193,0.016167162,0.011044067,0.137184141,Warning
170,0.491615875,0.473471771,1,1,1,1,1,1,0.877238177,0.271927971,0.229955232,0.50181441,0.419270587,0.034912354,0.546063175,0.965087646,1,1,0.015710559,0.445739145,0.198116797,0.078003236,0.728351761,0.959874505,0.034912354,1,0.584848122,0.965087646,0.094694354,0.344131113,0.655868887,0.491615875,0.508384125,0.19664635,0.336756874,0.169206355,0.273879967,0.172065556,0.515289464,0,0.526528229,0,0,0.508384125,0.12310266,0.263661498,0.965087646,1,0.382406237,0.965087646,0.509072052,0.538963052,0.189388708,0.487436712,0.034912354,0.508384125,0.508384125,0.009321247,0.04440745,0.056008045,0.06025487,0.079944635,0.091767358,0.061630523,0.046557198,0.044098164,0.064624466,0.059305679,0.065731413,0.030019749,0.042017126,0.027799118,0.026829141,0.022159078,0.016722819,0.015359252,0.135442671,Warning
171,0.17320187,0.433851649,1,1,1,1,1,1,0.690297089,0.252045258,0.176177462,0.473935022,0.570408262,0.392946481,0.792005301,0.607053519,1,1,0.176825916,0.332313237,0.27177728,0.143667044,0.390127695,0.891041088,0.392946481,1,0.813680944,0.607053519,0.08677033,0.121241309,0.878758691,0.17320187,0.82679813,0.069280748,0.118643281,0.191142725,0.134555677,0.060620654,0.194894452,0,0.566148351,0,0,0.82679813,0.112801429,0.422076098,0.607053519,1,0.294951364,0.607053519,0.36967511,0.216587035,0.17354066,0.591030242,0.392946481,0.82679813,0.82679813,0.016668462,0.057532648,0.087299043,0.077847174,0.103585481,0.120992589,0.092906313,0.065205078,0.051703688,0.058036602,0.038672649,0.051439533,0.02319661,0.032519552,0.017155082,0.014595936,0.011540106,0.006495194,0.006265352,0.066342909,Warning
172,0.39286522,0.60713478,1,1,1,1,1,1,0.921426956,0.280356739,0.176789349,0.478573044,0.378573044,0,0.596066825,1,1,1,0,0.417859566,0.242853912,0.091070217,0.69643261,0.957500565,0,1,0.633924129,1,0.121426956,0.275005654,0.724994346,0.39286522,0.60713478,0.157146088,0.269112676,0.212497173,0.216075871,0.137502827,0.423221959,0,0.39286522,0,0,0.60713478,0.157855043,0.315710086,1,1,0.442853912,1,0.39286522,0.453578698,0.242853912,0.60713478,0,0.60713478,0.60713478,0.006795008,0.045688025,0.061894873,0.064787581,0.086970094,0.10293073,0.067933078,0.051603165,0.047188785,0.06389304,0.059596769,0.064544239,0.028436423,0.039476257,0.025916547,0.023509768,0.019110321,0.013770099,0.01407554,0.111879657,Warning
173,0.635093651,0.04530401,1,1,1,1,1,1,0.649259632,0.236285084,0.365692728,0.558978964,0.618780134,0.319602339,0.51552504,0.680397661,1,1,0.143821053,0.474547978,0.098022189,0.070716069,0.657745656,0.932908251,0.319602339,1,0.548638843,0.680397661,0.009060802,0.444565556,0.555434444,0.635093651,0.364906349,0.25403746,0.435039151,0.047816637,0.381261742,0.222282778,0.637358851,0,0.95469599,0,0,0.364906349,0.011779043,0.183359255,0.680397661,1,0.154201136,0.680397661,0.794894821,0.639624052,0.018121604,0.173144946,0.319602339,0.364906349,0.364906349,0.025555704,0.048309354,0.050106956,0.052306937,0.070072216,0.071094823,0.050298037,0.043373256,0.038374746,0.064917599,0.055336149,0.064624878,0.031419499,0.043068044,0.030722506,0.032542226,0.027428918,0.020628751,0.013320252,0.166499149,Warning
174,0.374435682,0.625564318,1,1,1,1,1,1,0.925112864,0.281278216,0.168496057,0.474887136,0.374887136,0,0.606571661,1,1,1,0,0.412330705,0.250225727,0.093834648,0.687217841,0.956210498,0,1,0.644060375,1,0.125112864,0.262104978,0.737895022,0.374435682,0.625564318,0.149774273,0.256488442,0.218947511,0.205939625,0.131052489,0.405713898,0,0.374435682,0,0,0.625564318,0.162646723,0.325293445,1,1,0.450225727,1,0.374435682,0.436992114,0.250225727,0.625564318,0,0.625564318,0.625564318,0.006532622,0.046098675,0.063145028,0.065639501,0.088275816,0.10503188,0.06941786,0.05271165,0.047763033,0.063692777,0.059333371,0.064114515,0.028113392,0.038942278,0.02551282,0.022902164,0.018513237,0.013196544,0.013703389,0.107359448,Warning
175,0.370054869,0.629945131,1,1,1,1,1,1,0.925989026,0.281497257,0.166524691,0.474010974,0.374010974,0,0.609068725,1,1,1,0,0.411016461,0.251978052,0.09449177,0.685027435,0.955903841,0,1,0.646469822,1,0.125989026,0.259038408,0.740961592,0.370054869,0.629945131,0.148021948,0.253487585,0.220480796,0.203530178,0.129519204,0.401552126,0,0.370054869,0,0,0.629945131,0.163785734,0.327571468,1,1,0.451978052,1,0.370054869,0.433049382,0.251978052,0.629945131,0,0.629945131,0.629945131,0.00646948,0.046199975,0.06344538,0.065846693,0.088588182,0.10553843,0.069781359,0.052983957,0.047901329,0.063643239,0.059267913,0.064002797,0.028036663,0.038810141,0.025414499,0.022757587,0.018367975,0.013059309,0.013611828,0.106273264,Warning
176,0.658693632,0.162934427,1,1,1,1,1,1,0.743400915,0.249228124,0.34100512,0.54957592,0.538761891,0.178371941,0.476651579,0.821628059,1,1,0.080267374,0.488689492,0.109766756,0.060114552,0.740160845,0.952920202,0.178371941,1,0.514474294,0.821628059,0.032586885,0.461085542,0.538914458,0.658693632,0.341306368,0.263477453,0.451205138,0.074864244,0.380118692,0.230542771,0.666840353,0,0.837065573,0,0,0.341306368,0.042362951,0.173911873,0.821628059,1,0.229499383,0.821628059,0.747879602,0.674987074,0.065173771,0.234283204,0.178371941,0.341306368,0.341306368,0.018181679,0.045073351,0.04843661,0.053095724,0.068597023,0.072926875,0.053021123,0.042429305,0.03907417,0.065090006,0.05668446,0.064317557,0.032363259,0.043762019,0.030494945,0.032949801,0.026942762,0.02129628,0.015265456,0.169997594,Warning
177,0.070568747,0.642419278,1,1,1,1,1,1,0.784977868,0.267770365,0.10350893,0.442814947,0.486320934,0.287011974,0.831437969,0.712988026,1,1,0.129155388,0.306820026,0.328720705,0.153765287,0.391778387,0.897628256,0.287011974,1,0.854238985,0.712988026,0.128483856,0.049398123,0.950601877,0.070568747,0.929431253,0.028227499,0.048339592,0.253547945,0.067514009,0.024699062,0.102689711,0,0.357580722,0,0,0.929431253,0.167029012,0.477564012,0.712988026,1,0.399565316,0.712988026,0.214074735,0.134810675,0.256967711,0.757224068,0.287011974,0.929431253,0.929431253,0.008788307,0.059322307,0.094339959,0.086718826,0.111367979,0.141058431,0.112121346,0.076541191,0.056986834,0.056103803,0.036034681,0.04252684,0.021716184,0.026916824,0.013901846,0.01108148,0.005012065,0.002735104,0.003131473,0.033594519,Warning
178,0.026511311,0.585775581,1,1,1,1,1,1,0.723298562,0.259903124,0.108858367,0.444073573,0.537930127,0.387713108,0.874676912,0.612286892,1,1,0.174470899,0.288567738,0.33123851,0.165408959,0.319399101,0.881453088,0.387713108,1,0.893575745,0.612286892,0.117155116,0.018557917,0.981442083,0.026511311,0.973488689,0.010604524,0.018160248,0.243792764,0.053352532,0.009278959,0.05580009,0,0.414224419,0,0,0.973488689,0.152301651,0.498459856,0.612286892,1,0.356767611,0.612286892,0.220367865,0.085088869,0.234310233,0.740860825,0.387713108,0.973488689,0.973488689,0.011133691,0.062408745,0.101889461,0.092952885,0.115839291,0.145201094,0.120661892,0.080771323,0.057988971,0.054018563,0.029692169,0.035684778,0.020614107,0.023904553,0.010820009,0.008514004,0.002025148,0.0010455,0.001173118,0.023660699,Warning
179,0.620325592,0.379674408,1,1,1,1,1,1,0.875934882,0.26898372,0.279146516,0.524065118,0.424065118,1.11E-16,0.466414412,1,1,1,5.00E-17,0.486097678,0.151869763,0.056951161,0.810162796,0.973422791,1.11E-16,1,0.508820924,1,0.075934882,0.434227915,0.565772085,0.620325592,0.379674408,0.248130237,0.424923031,0.132886043,0.341179076,0.217113957,0.639309313,0,0.620325592,0,0,0.379674408,0.098715346,0.197430692,1,1,0.351869763,1,0.620325592,0.658293033,0.151869763,0.379674408,1.11E-16,0.379674408,0.379674408,0.009640793,0.042231397,0.049180388,0.056596181,0.071875725,0.080314708,0.054853095,0.042547123,0.04116757,0.065339157,0.060855011,0.065121442,0.032460488,0.043300449,0.029496278,0.030953089,0.02499017,0.020383818,0.017282217,0.161410902,Warning
180,0.376331244,0.623668756,1,1,1,1,1,1,0.924733751,0.281183438,0.16934906,0.475266249,0.375266249,0,0.605491191,1,1,1,0,0.412899373,0.249467503,0.093550313,0.688165622,0.956343187,0,1,0.643017816,1,0.124733751,0.26343187,0.73656813,0.376331244,0.623668756,0.150532497,0.257786902,0.218284065,0.206982184,0.131715935,0.407514681,0,0.376331244,0,0,0.623668756,0.162153877,0.324307753,1,1,0.449467503,1,0.376331244,0.438698119,0.249467503,0.623668756,0,0.623668756,0.623668756,0.006559853,0.046055297,0.063015431,0.065550423,0.088140913,0.104813573,0.069261856,0.052594888,0.047703414,0.063713801,0.059361373,0.064161721,0.028146604,0.03899884,0.025555089,0.022964709,0.018575694,0.01325582,0.013742636,0.107828065,Warning
181,0.456486434,0.543513566,1,1,1,1,1,1,0.908702713,0.277175678,0.205418895,0.491297287,0.391297287,0,0.559802733,1,1,1,0,0.43694593,0.217405426,0.081527035,0.728243217,0.96195405,0,1,0.598932461,1,0.108702713,0.319540504,0.680459496,0.456486434,0.543513566,0.182594574,0.312693207,0.190229748,0.251067539,0.159770252,0.483662112,0,0.456486434,0,0,0.543513566,0.141313527,0.282627054,1,1,0.417405426,1,0.456486434,0.510837791,0.217405426,0.543513566,0,0.543513566,0.543513566,0.007661366,0.044446804,0.057798746,0.062082183,0.082561205,0.096023375,0.063335933,0.048225338,0.045302541,0.064490645,0.060342997,0.065545722,0.029554044,0.041050853,0.027183702,0.025599964,0.021008964,0.015704143,0.015209587,0.126871889,Warning
182,0.709165332,0.290834668,1,1,1,1,1,1,0.858166934,0.264541733,0.319124399,0.541833066,0.441833066,0,0.415775761,1,1,1,0,0.5127496,0.116333867,0.0436252,0.854582666,0.979641573,0,1,0.459959067,1,0.058166934,0.496415732,0.503584268,0.709165332,0.290834668,0.283666133,0.485778252,0.101792134,0.390040933,0.248207866,0.723707065,0,0.709165332,0,0,0.290834668,0.075617014,0.151234027,1,1,0.316333867,1,0.709165332,0.738248799,0.116333867,0.290834668,0,0.290834668,0.290834668,0.010591864,0.041416459,0.045830971,0.05428587,0.066450119,0.072765099,0.051948213,0.041150983,0.039335812,0.065358722,0.060085004,0.063432585,0.034058127,0.043533854,0.030146336,0.033851252,0.026800907,0.022756522,0.018061446,0.178139855,Warning
183,0.514958127,0.485041873,1,1,1,1,1,1,0.897008375,0.274252094,0.231731157,0.502991625,0.402991625,0,0.526473867,1,1,1,0,0.454487438,0.194016749,0.072756281,0.757479064,0.966047069,0,1,0.56677303,1,0.097008375,0.360470689,0.639529311,0.514958127,0.485041873,0.205983251,0.352746317,0.169764655,0.28322697,0.180235345,0.539210221,0,0.514958127,0,0,0.485041873,0.126110887,0.252221774,1,1,0.394016749,1,0.514958127,0.563462315,0.194016749,0.485041873,0,0.485041873,0.485041873,0.008406666,0.043516381,0.054378862,0.059899219,0.078640533,0.090104885,0.059788396,0.045714351,0.043706926,0.064909739,0.060779315,0.065854314,0.030585924,0.042142303,0.028169839,0.027513627,0.022559112,0.01742197,0.016071248,0.139836391,Warning
184,0.195791135,0.069361301,1,1,1,1,1,1,0.446448478,0.216725687,0.271817902,0.512642983,0.780066766,0.734847564,0.840671615,0.265152436,1,1,0.330681404,0.321994962,0.211456411,0.157373708,0.230471785,0.848175196,0.734847564,1,0.852542011,0.265152436,0.01387226,0.137053794,0.862946206,0.195791135,0.804208865,0.078316454,0.134116927,0.097761212,0.181169881,0.068526897,0.1992592,0,0.930638699,0,0,0.804208865,0.018033938,0.403491659,0.265152436,1,0.080775007,0.265152436,0.563214917,0.202727265,0.02774452,0.363300327,0.734847564,0.804208865,0.804208865,0.038929149,0.068889802,0.094558209,0.078575345,0.107634966,0.103454566,0.071601177,0.062619421,0.04579907,0.057528608,0.039799295,0.051107829,0.022900565,0.02913913,0.015378589,0.013399128,0.014347719,0.007449116,0.005281746,0.07160657,Warning
185,0.100778001,0.018221826,1,1,1,1,1,1,0.363144279,0.206861083,0.265600144,0.508255618,0.848755704,0.881000173,0.92113657,0.118999827,1,1,0.396450078,0.286183392,0.227538774,0.178933308,0.109888914,0.822524438,0.881000173,1,0.926722125,0.118999827,0.003644365,0.070544601,0.929455399,0.100778001,0.899221999,0.040311201,0.069032931,0.094477656,0.143527918,0.0352723,0.101689093,0,0.981778174,0,0,0.899221999,0.004737675,0.449975436,0.118999827,1,0.031088696,0.118999827,0.541278088,0.102600184,0.00728873,0.370621895,0.881000173,0.899221999,0.899221999,0.04622636,0.078726492,0.113653937,0.093502455,0.120767842,0.109453419,0.079282747,0.071501365,0.046878291,0.054217735,0.034929719,0.039095099,0.021075887,0.020350621,0.008516372,0.00725329,0.008582558,0.004041499,0.002819449,0.039124862,Warning
186,0.094442961,0.683006773,1,1,1,1,1,1,0.825326222,0.273022825,0.098136899,0.441143619,0.452418752,0.222550266,0.80622656,0.777449734,1,1,0.10014762,0.317205375,0.328840276,0.146961069,0.435946347,0.907679473,0.222550266,1,0.831438911,0.777449734,0.136601355,0.066110073,0.933889927,0.094442961,0.905557039,0.037777184,0.064693428,0.261307397,0.074198655,0.033055036,0.128593299,0,0.316993227,0,0,0.905557039,0.177581761,0.466438655,0.777449734,1,0.428692656,0.777449734,0.205718094,0.162743638,0.273202709,0.77202688,0.222550266,0.905557039,0.905557039,0.00732006,0.057643696,0.090227419,0.083806801,0.109167064,0.139014894,0.107471309,0.074539849,0.056486628,0.05723941,0.040057893,0.045877667,0.022356931,0.028215434,0.015518446,0.012412996,0.006432653,0.003628996,0.004225034,0.038356819,Error
187,0.071188648,0.31897563,1,1,1,1,1,1,0.558877265,0.235456995,0.184493822,0.475221302,0.680139162,0.609835721,0.8891929,0.390164279,1,1,0.274426075,0.290864808,0.280049182,0.169813489,0.230676464,0.855704562,0.609835721,1,0.902321602,0.390164279,0.063795126,0.049832054,0.950167946,0.071188648,0.928811352,0.028475459,0.048764224,0.172625043,0.100137329,0.024916027,0.08713743,0,0.68102437,0,0,0.928811352,0.082933664,0.470785188,0.390164279,1,0.205623108,0.390164279,0.376106509,0.103086211,0.127590252,0.562909919,0.609835721,0.928811352,0.928811352,0.024382252,0.065847799,0.105167799,0.091747107,0.115275946,0.127772635,0.104832707,0.074228842,0.053238646,0.053948009,0.029083295,0.03825516,0.020852774,0.024822749,0.010257446,0.008549261,0.005614244,0.002794444,0.002563299,0.040765587,Warning
188,0.844875311,0.023271936,1,1,1,1,1,1,0.73872801,0.244570959,0.413157078,0.582160338,0.548086714,0.131852753,0.362154568,0.868147247,1,1,0.059333739,0.546869956,0.042271963,0.029861341,0.856511279,0.972000414,0.131852753,1,0.405096492,0.868147247,0.004654387,0.591412718,0.408587282,0.844875311,0.155124689,0.337950124,0.578739588,0.021330453,0.477866696,0.295706359,0.846038908,0,0.976728064,0,0,0.155124689,0.006050703,0.078027783,0.868147247,1,0.182938224,0.868147247,0.910801688,0.847202505,0.009308774,0.076013037,0.131852753,0.155124689,0.155124689,0.01865277,0.042612956,0.042796327,0.049245188,0.05778944,0.058987168,0.048762044,0.042307368,0.036035024,0.064696902,0.054886981,0.059320737,0.035882024,0.042583934,0.031249921,0.039174873,0.030299011,0.026021352,0.017014016,0.201681963,Error
189,0.742909062,0.257090938,1,1,1,1,1,1,0.851418188,0.262854547,0.334309078,0.548581812,0.448581812,5.55E-17,0.396541835,1,1,1,2.50E-17,0.522872719,0.102836375,0.038563641,0.871454531,0.982003634,5.55E-17,1,0.441400016,1,0.051418188,0.520036343,0.479963657,0.742909062,0.257090938,0.297163625,0.508892707,0.089981828,0.408599984,0.260018172,0.755763609,0,0.742909062,0,0,0.257090938,0.066843644,0.133687288,1,1,0.302836375,1,0.742909062,0.768618156,0.102836375,0.257090938,5.55E-17,0.257090938,0.257090938,0.010936564,0.04114627,0.044804737,0.053480947,0.064451031,0.070032943,0.051103847,0.040908947,0.038703605,0.065279565,0.0595651,0.06258219,0.034669162,0.043460272,0.030277863,0.034952714,0.027458702,0.023629346,0.018320162,0.184236033,Warning
190,0.118164828,0.696737165,1,1,1,1,1,1,0.84679843,0.275581958,0.099448674,0.442142766,0.43469177,0.185098007,0.78596369,0.814901993,1,1,0.083294103,0.326194548,0.324969368,0.141530176,0.46653341,0.914208797,0.185098007,1,0.812774046,0.814901993,0.139347433,0.082715379,0.917284621,0.118164828,0.881835172,0.047265931,0.080942907,0.262367809,0.083500456,0.04135769,0.153001686,0,0.303262835,0,0,0.881835172,0.181151663,0.454852329,0.814901993,1,0.441675265,0.814901993,0.210713831,0.187838544,0.278694866,0.770776368,0.185098007,0.881835172,0.881835172,0.006801192,0.056291296,0.087089783,0.081469713,0.107174337,0.136162073,0.103098756,0.072375056,0.055789669,0.058107274,0.042913803,0.048584884,0.022907318,0.029428162,0.016773946,0.013513829,0.007784795,0.004504208,0.005246884,0.04398302,Warning
191,0.41750972,0.58249028,1,1,1,1,1,1,0.916498056,0.279124514,0.187879374,0.483501944,0.383501944,0,0.58201946,1,1,1,0,0.425252916,0.232996112,0.087373542,0.70875486,0.95922568,0,1,0.620369654,1,0.116498056,0.292256804,0.707743196,0.41750972,0.58249028,0.167003888,0.285994158,0.203871598,0.229630346,0.146128402,0.446634234,0,0.41750972,0,0,0.58249028,0.151447473,0.302894946,1,1,0.432996112,1,0.41750972,0.475758748,0.232996112,0.58249028,0,0.58249028,0.58249028,0.007137747,0.04517605,0.060265882,0.063696909,0.085244226,0.100193201,0.066056899,0.050212979,0.046440062,0.064141798,0.059916911,0.065018938,0.02886883,0.040135182,0.026430913,0.024320664,0.019874567,0.014527593,0.01454148,0.11779917,Warning
192,0.477768094,0.522231906,1,1,1,1,1,1,0.904446381,0.276111595,0.214995642,0.495553619,0.395553619,0,0.547672187,1,1,1,0,0.443330428,0.208892763,0.078334786,0.738884047,0.963443767,0,1,0.587227548,1,0.104446381,0.334437666,0.665562334,0.477768094,0.522231906,0.191107237,0.327271144,0.182781167,0.262772452,0.167218833,0.503879689,0,0.477768094,0,0,0.522231906,0.135780296,0.271560591,1,1,0.408892763,1,0.477768094,0.529991284,0.208892763,0.522231906,0,0.522231906,0.522231906,0.007938059,0.044086899,0.056512874,0.061255501,0.08111994,0.093824507,0.061972729,0.047246994,0.044706248,0.064657785,0.060531279,0.065722673,0.029929019,0.041486718,0.027562759,0.026297125,0.021592919,0.016335793,0.015541558,0.131678622,Warning
193,0.282034573,0.177439544,1,1,1,1,1,1,0.565224967,0.231845683,0.262047029,0.510459503,0.680722445,0.540525884,0.756534953,0.459474116,1,1,0.243236648,0.357584078,0.206107288,0.134721108,0.370754344,0.879474055,0.540525884,1,0.775959868,0.459474116,0.035487909,0.197424201,0.802575799,0.282034573,0.717965427,0.112813829,0.193193682,0.116156429,0.209171603,0.0987121,0.29090655,0,0.822560456,0,0,0.717965427,0.046134281,0.362531505,0.459474116,1,0.162870641,0.459474116,0.552297514,0.299778527,0.070975818,0.393649897,0.540525884,0.717965427,0.717965427,0.028823548,0.059377776,0.079415518,0.06904124,0.096677718,0.100597304,0.070692634,0.056367954,0.045643069,0.060050918,0.043699888,0.058426238,0.0247277,0.035794793,0.020617043,0.018426244,0.017776462,0.010263452,0.007832354,0.095748146,Warning
194,0.481951265,0.518048735,1,1,1,1,1,1,0.903609747,0.275902437,0.216878069,0.496390253,0.396390253,0,0.545287779,1,1,1,0,0.444585379,0.207219494,0.07770731,0.740975632,0.963736589,0,1,0.584926804,1,0.103609747,0.337365885,0.662634115,0.481951265,0.518048735,0.192780506,0.330136616,0.181317057,0.265073196,0.168682943,0.507853701,0,0.481951265,0,0,0.518048735,0.134692671,0.269385342,1,1,0.407219494,1,0.481951265,0.533756138,0.207219494,0.518048735,0,0.518048735,0.518048735,0.007991706,0.044019134,0.056265161,0.061097437,0.080838599,0.093398487,0.061714645,0.047063443,0.044591137,0.064688826,0.060564432,0.065748603,0.030002809,0.041567161,0.027634582,0.026434071,0.021704952,0.016459082,0.015604259,0.132611476,Warning
195,0.705929038,0.294070962,1,1,1,1,1,1,0.858814192,0.264703548,0.317668067,0.541185808,0.441185808,0,0.417620448,1,1,1,0,0.511778711,0.117628385,0.044110644,0.852964519,0.979415033,0,1,0.461739029,1,0.058814192,0.494150327,0.505849673,0.705929038,0.294070962,0.282371615,0.483561391,0.102924837,0.388260971,0.247075163,0.720632586,0,0.705929038,0,0,0.294070962,0.07645845,0.1529169,1,1,0.317628385,1,0.705929038,0.735336134,0.117628385,0.294070962,0,0.294070962,0.294070962,0.010558383,0.041443246,0.045936465,0.054364664,0.066643572,0.073030703,0.052036236,0.041182348,0.039398134,0.065363755,0.060127976,0.063508617,0.033999641,0.0435364,0.030130353,0.033745637,0.026737252,0.022672,0.018035773,0.177548847,Warning
196,0.323935936,0.676064064,1,1,1,1,1,1,0.935212813,0.283803203,0.145771171,0.464787187,0.364787187,0,0.635356517,1,1,1,0,0.397180781,0.270425626,0.10140961,0.661967968,0.952675516,0,1,0.671835235,1,0.135212813,0.226755155,0.773244845,0.323935936,0.676064064,0.129574374,0.221896116,0.236622422,0.178164765,0.113377578,0.357739139,0,0.323935936,0,0,0.676064064,0.175776657,0.351553313,1,1,0.470425626,1,0.323935936,0.391542342,0.270425626,0.676064064,0,0.676064064,0.676064064,0.005786266,0.04735643,0.066686527,0.068137328,0.091921408,0.111041374,0.073859542,0.056058322,0.049395829,0.063081798,0.058515291,0.062595035,0.027229358,0.037295186,0.024325003,0.021231162,0.016756298,0.011592778,0.012571092,0.094563973,Warning
197,0.26801984,0.73198016,1,1,1,1,1,1,0.946396032,0.286599008,0.120608928,0.453603968,0.353603968,0,0.667228691,1,1,1,0,0.380405952,0.292792064,0.109797024,0.63400992,0.948761389,0,1,0.702589088,1,0.146396032,0.187613888,0.812386112,0.26801984,0.73198016,0.107207936,0.183593591,0.256193056,0.147410912,0.093806944,0.304618848,0,0.26801984,0,0,0.73198016,0.190314842,0.380629683,1,1,0.492792064,1,0.26801984,0.341217856,0.292792064,0.73198016,0,0.73198016,0.73198016,0.004911664,0.048999626,0.070757814,0.071187958,0.096075514,0.118160014,0.079446857,0.060308571,0.0512932,0.06230005,0.057463936,0.060295732,0.02625114,0.035149938,0.022875078,0.019368251,0.014584246,0.009759326,0.01110457,0.079706514,Warning
198,0.666776629,0.333223371,1,1,1,1,1,1,0.866644674,0.266661169,0.300049483,0.533355326,0.433355326,0,0.439937322,1,1,1,0,0.500032989,0.133289349,0.049983506,0.833388314,0.976674364,0,1,0.483272854,1,0.066644674,0.46674364,0.53325636,0.666776629,0.333223371,0.266710651,0.456741991,0.11662818,0.366727146,0.23337182,0.683437797,0,0.666776629,0,0,0.333223371,0.086638077,0.173276153,1,1,0.333289349,1,0.666776629,0.700098966,0.133289349,0.333223371,0,0.333223371,0.333223371,0.010146786,0.041782714,0.047310585,0.055346484,0.069008687,0.076297761,0.05320437,0.041677206,0.040177497,0.065389786,0.06055621,0.064345489,0.033293812,0.043502398,0.029890664,0.032468242,0.02595561,0.02163812,0.017710607,0.170296973,Warning
199,0.498780466,0.501219534,1,1,1,1,1,1,0.900243907,0.275060977,0.22445121,0.499756093,0.399756093,0,0.535695134,1,1,1,0,0.44963414,0.200487814,0.07518293,0.749390233,0.964914633,0,1,0.575670744,1,0.100243907,0.349146326,0.650853674,0.498780466,0.501219534,0.199512186,0.341664619,0.175426837,0.274329256,0.174573163,0.523841443,0,0.498780466,0,0,0.501219534,0.130317079,0.260634158,1,1,0.400487814,1,0.498780466,0.54890242,0.200487814,0.501219534,0,0.501219534,0.501219534,0.008205102,0.043755846,0.055289147,0.060475739,0.079712991,0.091704291,0.060708298,0.046353653,0.044134927,0.064806444,0.060684459,0.065824102,0.030299895,0.041873515,0.027914474,0.026984691,0.022146901,0.016952198,0.015848364,0.136324963,Warning
